<?xml version="1.0" encoding="UTF-8"?>
<project-private xmlns="http://www.netbeans.org/ns/project-private/1">
    <editor-bookmarks xmlns="http://www.netbeans.org/ns/editor-bookmarks/2" lastBookmarkId="0"/>
    <open-files xmlns="http://www.netbeans.org/ns/projectui-open-files/2">
        <group>
            <file>file:/F:/Users/Nick/Documents/NetBeansProjects/BankAccount/src/business/BankAccount.java</file>
            <file>file:/F:/Users/Nick/Documents/NetBeansProjects/BankAccount/src/ui/BankForm.java</file>
            <file>file:/F:/Users/Nick/Documents/NetBeansProjects/BankAccount/src/business/Savings.java</file>
            <file>file:/F:/Users/Nick/Documents/NetBeansProjects/BankAccount/src/business/Checking.java</file>
        </group>
    </open-files>
</project-private>
